#,Data,Evento,,Location,Citt√†,Tipologia,Artista/i
1,13/06/2000,"Lour Reed, Bluevertigo, Alanis Morrisette, Youssou N'Dour, Eurythmics @ Concerto del Primo Maggio",,Tor Vergata,Roma,Festival,3
2,26/08/2006,{S}Hammer Metal Fest - 3¬∞ Edizione,,Campo sportivo,Castel Volturno (CE),Festival,3
3,13/06/2007,Stone Sour + Slayer + Iron Maiden @ Heineken Jammin Festival,,Parco San Giuliano ,Venezia,Festival,5
4,01/09/2007,Amon Amarth + Stratovarius + Behemoth + Caliban @  Route To Hell Metal Fest,,Palamaggi√≤,Castelmorrone (CE),Festival,5
5,31/08/2008,24 Grana + Il Teatro Degli Orrori + Tre Allegri Ragazzi Morti @  Caserta Rock Fest,,Area Mercato,Caserta,Festival,3
6,02/09/2008,Linea 77 @ Caserta Rock Fest,,Area Mercato,Caserta,Festival,3
7,03/09/2008,Punkreas + Los Fastidios @ Caserta Rock Fest,,Area Mercato,Caserta,Festival,3
8,18/11/2008,"Negramaro ""La Finestra Tour""",,Palamaggi√≤,Castelmorrone (CE),Concerto ,1
9,07/05/2009,Ministri presentano Tempi Bui,,Associazione Majeutica,Marcianise (CE)	,Presentazione Album,1
10,08/05/2009,Ministri,,Ex Canapificio,Caserta (CE),Concerto,1
11,11/09/2009,Elton John,,Piazza Plebiscito,Napoli,Concerto,1
12,13/10/2009,99 Posse,,CSA Ex Canapificio,Caserta,Concerto,1
13,26/07/2010,Baustelle @ Giffoni Film Festival,,,Giffoni (SA),Concerto,1
14,20/08/2010,The Prodigy - Limp Bizkit - Foals - Digitaliam @  Pukkelpop 25,,,Hassellt Kiewit (BE),Festival,4
15,21/08/2010,Queens of the stone age - Jonsi - Soulwax - Gogol Bordello - Bad Religon @  Pukkelpop 25,,,Hassellt Kiewit (BE),Festival,4
16,10/10/2010,Micheal Angelo Batio,,Bikers Road,Casapulla (CE),Concerto,1
17,25/02/2011,Concerto d‚Äôamore per La Terra dei Fuochi,,Palamaggi√≤,Palamaggi√≤,Festival,4
18,08/04/2011,Subsonica (Eden),,Palamaggi√≤,Palamaggi√≤,Concerto,4
19,01/05/2011,Caparezza + Francesco De Gregori e Lucio Dalla + Subsonica + Bandabard√≤ + Daniele SIlvestri @  Concerto del Primo Maggio,,Piazza San Giovanni,Roma,Festival,10
20,17/06/2011,Giuliano Palma & The Bluebeathers,,Arenile,Napoli,Concerto,1
21,09/07/2011,Ministri @ Radio Entropia Indie Fest,,,Marigliano (NA),Concerto,1
22,10/07/2011,"Battles, Crocodiles, Underworld @ Neapolis Festival",,Fiera D' Oltremare,Napoli,Festival,3
23,13/07/2011,The Chemical Brothers @ Rock In Roma,,Ippodromo delle Capannelle,Roma,Concerto,1
24,30/07/2011,24 Grana @  Voci Dal Sud Festival,,Area Stadio Comunale,Sant'Arsenio (SA),Festival,1
25,01/08/2011,Afterhours + Verdena @ Voci Dal Sud Festival,,Area Stadio Comunale,Sant'Arsenio (SA),Festival,1
26,02/08/2011,Subsonica @ Voci Dal Sud Festival,,Area Stadio Comunale,Sant'Arsenio (SA),Festival,1
27,08/09/2011,Ministri + Pino Scotto  + Toreggae @ Caserta Rock Fest,,Old River Park,Castelmorrone (CE),Concerto,2
28,09/09/2011,24 Grana + Perturbazione @ Caserta Rock Fest,,Old River Park,Castelmorrone (CE),Concerto,2
29,11/11/2011,Red Hot Chili Peppers + Foals,,Mediolanum Fourm,Assago (MI,Concerto,2
30,,Max Gazz√®,,Black Cat,Caserta,Concerto,1
31,16/03/2012,Dente @ Non luoghi musicali,,Centro Commerciale Campania,Marcianise (CE)	,Concerto,2
32,30/03/2012,Riccardo Sinigaliia + Brunori Sas @ Non luoghi musicali,,Centro Commerciale Campania,Marcianise (CE)	,Concerto,2
33,21/04/2012,Teatro degli Orrori,,Casa della Musica,Napoli,Concerto,1
34,01/05/2012,"Caparezza, Subsonica, Afterhours, Mannarino, Elisa, Nina Zilli, A Toys Orchestra @ Concerto del Primo Maggio",,Piazza San Giovanni,Roma,Festival,15
35,27/05/2012,La musica pu√≤ fare ,,Villa Cristina,Santa Maria Capua Vetere (CE),Festival,3
36,09/05/2012,"The Fabbrica 2.0 - ""Sogni in scatola istruzioni per l'uso"" RELEASE PARTY",,Club 33 Giri,Santa Maria Capua Vetere (CE),Presentazione Album,1
37,09/12/2012,Gnut,,Club 33 Giri,Santa Maria Capua Vetere (CE),Concerto,1
38,24/11/2012,Kreator + Morbid Angel + Nile,,Demod√® Club,Bari,Concerto,4
39,01/05/2013,"Elio e Le Storie Tese, Max Gazz√©, Cristiano De Andr√©, I Ministri @ Concerto del Primo Maggio",,Piazza San Giovanni,Roma,Festival,10
40,02/06/2013,La musica pu√≤ fare 2,,Villa Cristina,Santa Maria Capua Vetere (CE),Festival,3
41,08/06/2013,Iron Maiden @ Sonisphere Festival,,Arena Fiera Milano,Rho (MI),Festival,4
42,20/07/2013,Elio e le storie tese ,,,Giffoni,Concerto,1
43,07/09/2013,Franco Battiato @  Settembre al Borgo,,,Casertavecchia (CE),Concerto,1
44,13/10/2013,Sabba e gli Incensurabili,,Club 33 Giri,Santa Maria Capua Vetere (CE),Concerto,1
45,17/11/2013,Giovanni Truppi,,Club 33 Giri,Santa Maria Capua Vetere (CE),Concerto,1
46,30/11/2013,Capone & BungtBangt,,Mercato del riuso,Santa Maria Capua Vetere (CE),Concerto,1
47,05/12/2013,Negramaro (Special guest: Pino Daniele) - Una storia semplice,,Palamaggi√≤,Castelmorrone (CE),Concerto,1
48,15/12/2013,Mai Personal Mood ,,Club 33 Giri,Santa Maria Capua Vetere (CE),Concerto,1
49,16/02/2014,Maleizappa,,Club 33 Giri,Santa Maria Capua Vetere (CE),Concerto,1
50,08/06/2014,Ex-Otago + Gnut + The Fabbrica 2.0  @  La Musica pu√≤ fare 3 ,,Villa Gaetano Cappabianca,Santa Maria Capua Vetere (CE),Festival,3
51,19/06/2014,Lo Stato Sociale,,Mostra D' Oltremare,Napoli,Concerto,1
52,01/07/2014,Metallica + Alice in Chains + Volbeat @ Rock in Roma,,Ippodromo delle Capannelle,Roma,Festival,3
53,01/08/2014,"I Cani, ex CSI @  ZungolI Festival",,,Zungoli (AV),Festival,3
54,08/08/2014,Foja + I Cani @  Le notti dell' aspide,,,Roccadaspide (SA),Festival,3
55,09/08/2014,Giorgio Canali & Rossofuoco + The Zen Circus @  Le notti dell' aspide,,,Roccadaspide (SA),Festival,3
56,10/08/2014,Levante + Mama Marjas @  Le notti dell' aspide,,,Roccadaspide (SA),Festival,3
57,31/07/2014,Fiorella Mannoia,,Mura greche,Gela (CL),Concerto,1
58,14/03/2015,Sabba e gli Incensurabili ,,Club 33 Giri ,Santa Maria Capua Vetere (CE),Concerto,1
59,20/03/2015,Caparezza - Sogno Eretico ,,Palaparthenope,Napoli,Concerto,1
60,23/05/2015,Pepp - Oh 'Sono un cantante di rap' live,,Club 33 Giri,Santa Maria Capua Vetere (CE),Concerto,1
61,21/06/2015,Sabba e gli Incensurabili - Gnut - Ex Otago @ La Musica pu√≤ fare 4,,Villa Gaetano Cappabianca,Santa Maria Capua Vetere (CE),Festival,3
62,09/07/2015,AC/DC - Rock Or Bust World Tour,,Autodromo Enzo e Dino Ferrari,Imola,Concerto,2
63,25/07/2015,Giorgio Moroder @ Esthate Market Sound,,,MIlano,Concerto,2
64,04/09/2015,Caparezza | Museica tour,,Carroponte,Milano,Concerto,1
65,18/09/2015,"Ministri presentano ""Cultura Generale""                ",,Mondadori,Milano    ,Concerto,1
66,24/10/2015,Ministri,,Estragon Club,Bologna,Concerto,1
67,01/01/2016,Capodanno Popular,,TPO,Bologna,DJ Set,1
68,09/01/2016,The Lovesick Duo + The Same Old Shoes Feat Zimmy Martini ,,Locomotiv Club,Bologna,Concerto,2
69,15/01/2016,Diaframma plays Siberia,,Locomotiv Club,Bologna,Concerto,1
70,22/01/2016,Erica Mou,,Cortile Caf√®,Bologna,Concerto,1
71,23/01/2016,Aucan & Godblesscomputers,,TPO,Bologna,Concerto,2
72,28/01/2016,Musica per Bambini,,Cortile Caf√®,Bologna,Concerto,1
73,26/02/2016,Ministri + Giungla,,TPO,Bologna,Concerto,1
74,11/03/2016,Tinturia,,Bravo Caff√®,Bologna,Concerto,2
75,12/03/2016,The Rivati,,Club 33 Giri,Santa Maria Capua Vetere (CE),Concerto,1
76,20/03/2016,Spartiti,,Teatro del Navile,Bologna,Concerto,1
77,31/03/2016,Gli Slavi,,Cortile Caf√®,Bologna,Concerto,1
78,02/04/2016,Iosonouncane,,Locomotiv Club,Bologna,Concerto,1
79,08/04/2016,Tre Allegri Ragazzi Morti,,Estragon Club,Bologna,Concerto,1
80,09/04/2016,Maiole,,Montagnola,Bologna,Concerto,1
81,01/05/2016,Bandabard√≤ + Dardust (1¬∞ Maggio),,Piazza Maggiore,Bologna,Concerto,2
82,07/05/2016,Francesco Motta,,Locomotiv Club,Bologna,Concerto,1
83,22/05/2016,99 Posse + Assalti Frontali,,Laboratorio Crash,Bologna,Concerto,2
84,25/05/2016,Eugenio Finardi ,,Circolo ARCI Il Poggiolo,Marzabotto (BO),Concerto,1
85,27/05/2016,Bologna Violenta,,Freakout Club,Bologna,Concerto,1
86,28/05/2016,Ministri + others @  Mi Ami Festival,,Circolo Magnolia,Milano,Concerto,F
87,29/05/2016,"Vinicio Capossella presenta ""Canzoni della Cupa""",,Feltrinelli di Piazza Ravegnana,Bologna,Concerto,1
88,02/06/2016,Rammstein - Korn - Megadeth @  Gods Of Metal,,Autodromo Nazionale Monza,Monza,Presentazione Album,F
89,05/06/2016,Spartiti @ Biografilm,,Parco del Cavaticcio,Bologna,Concerto,1
90,06/06/2016,Giungla + Niagara + LIM @ Biografilm,,Parco del Cavaticcio,Bologna,Concerto,2
91,10/06/2016,Nada feat. A Toys Orchestra,,Parco del Cavaticcio,Bologna,Concerto,1
92,11/06/2016,"Afterhours presentazione ""Folfiri o Folfox""",,Feltrinelli di Piazza Ravegnana,Bologna,Presentazione Album,1
93,14/06/2016,Calcutta @ Biografilm,,Parco del Cavaticcio,Bologna,Concerto,1
94,18/06/2016,Espa√±a Circo Este @ Botanique,,Giardini Gilippo Re,Bologna,Concerto,1
95,19/06/2016,WrongOnYou + Phill Reynolds @ Biografilm,,Parco del Cavaticcio,Bologna,Concerto,2
96,20/06/2016,Giorgio Canali & Rossofuoco @ Biografilm,,Parco del Cavaticcio,Bologna,Concerto,1
97,22/06/2016,Giovanni Lindo Ferretti @ Botanique,,Giardini Gilippo Re,Bologna,Concerto,1
98,27/06/2016,Joe Victor - Epo - Therivati  @ La Musica pu√≤ Fare 3,,Villa Cristina,Santa Maria Capua Vetere (CE)	,Festival,F
99,03/07/2016,Ancora #3,,Covo Club,Bologna,Festival,2
100,09/07/2016,Mondiali Antirazzisti (RFC + Punkreas),,"Bosco Albergati, Via Lavichielle 6",Castelfranco Emilia (MO),Concerto,2
101,11/07/2016,David Gilmour - Rattle that rock tour,,Arena di Verona,Arena di Verona,Concerto,1
102,15/07/2016,Nobraino  @ Botanique,,Giardini Filippo Re,Bologna,Concerto,1
103,20/07/2016,Gnut,,Giardino Pincherl√®,Bologna,Concerto,1
104,22/07/2016,The Niro,,Giardino Pincherl√®,Bologna,Concerto,1
105,23/07/2016,Mau Mau @ Botanique,,Giardini Gilippo Re,Bologna,Concerto,1
106,25/07/2016,Musica per Bambini,,Giardino Pincherl√®,Bologna,Concerto,1
107,30/07/2016,Fuori dalla Giungla,,L√†bas,Bologna,Concerto,1
108,06/08/2016,Airway + Afterhours @ Suoni Di Marca,,,Treviso,Concerto,2
109,14/08/2016,- NOFX + STRUNG OUT + A Wilhelm Scream + Talco @ Bay Fest,,Beky Bay,Bellaria Igea Marina (RN),Festival,F
110,15/08/2016,Screeching Weasel + Satanic Surfers + Derozer Punk Rock + Slander @ Bay Fest,,Beky Bay,Bellaria Igea Marina (RN),Concerto,F
111,18/08/2016,Ministri @ Frogstock,,,Riolo Terme (RV),Concerto,1
112,20/08/2016,Planet Funk @ Festareggio,,Campovolo,Reggio Emilia,Concerto,1
113,24/08/2016,Wolfmother  @ Festareggio,,Campovolo,Reggio Emilia,Concerto,F
114,01/09/2016, Home Festival,,Ex Dogana,Treviso,Festival,F
115,02/09/2016,Ministri + others @ Home Festival,,Ex Dogana,Treviso,Festival,F
116,03/09/2016,Home Festival,,Ex Dogana,Treviso,Festival,F
117,04/09/2016,Home Festival,,Ex Dogana,Treviso,Festival,F
118,10/09/2016,Bolognetti Overture 2016,,Vicoo Bolognetti,Bologna,Concerto,2
119,11/09/2016,Francesco Motta @ Meeting People Is Easy 8 ,,Campovolo,Reggio Emilia,Festival,F
120,15/09/2016,Le Hen + Prince Rama,,Locomotiv Club,Bologna,Concerto,2
121,17/09/2016,The Who,,Mediolanum Forum,Assago (MI),Concerto,1
122,19/09/2016,Ministri - Cultura generale,,Festa dell'Unit√†,"Arena sul Lago, Modena",Concerto,
123,23/09/2016,The Winstons,,Locomotiv Club,Bologna,Concerto,1
124,24/09/2016,Musica per Aldrovandi,,,Ferrara,Festival,F
125,8/10/2016,Kratakoa Fest - Day 1,,TPO,Bologna,Festival,F
126,9/10/2016,Kratakoa Fest - Day 2,,TPO,Bologna,Festival,F
127,21/10/2016,I Giardini Di Mir√≤,,Covo Club,Bologna,Concerto,2
128,22/10/2016,Indie Pride,,TPO,Bologna,Festival,F
129,28/10/2016,The Zen Circus ,,TPO,Bologna,Concerto,1
130,29/10/2016,The Cure,,Unipol Arena,Casalecchio di Reno (BO),Concerto,2
131,31/10/2016,Trash Ribelle - 99¬∞ Anniversario,,TPO,Bologna,DJ Set,1
132,4/11/2016,Dub FX,,TPO,Bologna,Concerto,1
133,12/11/2016,The Skakatilies,,Laboratorio Crash,Bologna,Concerto,F
134,18/11/2016,Edo e i Bucanieri + Ex-Otago ,,Covo Club,Bologna,Concerto,2
135,19/11/2016,Exodus + Obituary + King Prog + Parrot,,ZR Music Factory,Bologna,Concerto,F
136,24/11/2016,BaciamoLeMani,,Arteria Club,Bologna,Festival,1
137,27/11/2016,Concerto per il No,,,Roma,Festival,F
138,2/12/2016,"Ministri - ""I soldi sono finiti""",,Magazzini Generali,Milano,Concerto,1
139,3/12/2016,La  rivolta de la tempesta,,CSA Rivolta,Marghera (VE),Festival,F
140,8/12/2016,Digitalism ,,Locomotiv Club,Bologna,Concerto,1
141,12/12/2016,Crystal Castles,,ZR Music Factory,Bologna,Concerto,1
142,16/12/2016,WrongOnYou,,Locomotiv Club,Bologna,Concerto,1
143,17/12/2016,Cosmo,,Locomotiv Club,Bologna,Concerto,1
144,23/12/2016,Francesco Motta,,SMAV,Santa Maria  a Vico (CE),Concerto,1
145,25/12/2016,Cosmo + Funk Rimini,,Lanificio,Napoli,Concerto,1
146,26/12/2016,Maiole,,Club 33 Giri,Santa Maria Capua Vetere (CE),Concerto,1
147,13/01/2017,POP_X,,Covo Club,Bologna,Concerto,1
148,14/01/2017,L' Officina della Camomilla,,Locomotiv Club, Bologna,Concerto,1
149,20/01/2017,Cold Pumas + Sex Pizzul + Basebal Greg + Vanarin @ Inverno Fest,,Covo Club,Bologna,Festival,4
150,21/01/2017,Francesco Motta,,Locomotiv Club,Bologna,Concerto,1
151,26/01/2017,Canova,,Estragon Club,Bologna,Concerto,1
152,03/02/2017,Giorgieness ,,Covo Club,Bologna,Concerto,1
153,10/02/2017,Alessandro Cortini,,Locomotiv Club,Bologna,Concerto,1
154,16/02/2017,The Bellringers,,Barazzo Live,Bologna,Concerto,1
155,18/02/2017,Garrincha Loves Bologna,,TPO,Bologna,Festival,4
156,19/02/2017,The Zen Circus,,Locomotiv Club,Bologna,Concerto,1
157,25/02/2017,Brunori Sas,,Piazza Ravegnana,Bologna,Presentazione Album,1
158,02/03/2017,Blindur,,Locomotiv Club,Bologna,Concerto,1
159,03/03/2017,Jamese Senese & NapolI Centrale,,Estragon Club,Bologna,Concerto,1
160,04/03/2017,Foja,,Arteria Club,Bologna,Concerto,1
161,08/03/2017,Paolo Benvegn√π presenta H3+ @  Art Rock Museum,,Palazzo Pepoli,Bologna,Presentazione Album,1
162,14/03/2017,Baustelle,, Teatro EuropAuditorium,Bologna,Concerto,2
163,15/03/2017,Fast Animals and Slow Kids @  Art Rock Museum,,Palazzo Pepoli,Bologna,Concerto,1
164,16/03/2017,Cosmetic,,Freakout Club,Bologna,Concerto,2
165,17/03/2017,Management del Dolore Post Operatorio,,Covo Club,Bologna,Concerto,2
166,18/03/2017,Afterhours,,Campus Industry,Parma,Concerto,1
167,23/03/2017,Edda,,Locomotiv Club,Bologna,Concerto,1
168,25/3/2017,After Crash + Nathan Fake,,Locomotiv Club,Bologna,Concerto,1
169,29/03/2017,Amon Amarth + Dark Tranquillity,,Estragon Club,Bologna,Concerto,2
170,31/03/2017,Bologna Violenta + Captain Mantell,,Freakout Club,Bologna,Concerto,2
171,01/04/2017,Fast Animals and Slow Kids,,Locomotiv Club,Bologna,Concerto,1
172,06/04/2017,Murubutu,,Giardini Filippo Re, Bologna,Concerto,1
173,08/04/2017,Gazzelle,,Covo Club,Bologna,Concerto,1
174,12/04/2017,Edda presenta Graziosa Utopia @ Art Rock Museum,,Palazzo Pepoli,Bologna,Presentazione Album,1
175,19/04/2017,Giorgio Poi presenta Fa Niente,,Palazzo Pepoli,Bologna,Presentazione Album,1
176,21/04/2017,Le Luci della Centrale Elettrica,,Estragon Club,Bologna,Concerto,1
177,21/04/2017,Fast Animals and Slow Kids + Planet Funk,,Cortile della Pilotta,Parma,Concerto,2
178,05/05/2017,Salmo,,Unipol Arena ,Casalecchio di Reno (BO),Concerto,1
179,06/05/2017,Il Capitan Capitone,,Via San Carlo,Caserta,Concerto,1
180,16/05/2017,KISS + Raven Eye,,Unipol Arena ,Casalecchio di Reno (BO),Concerto,2
181,19/05/2017,Soviet Soviet,,MIkasa Club,Bologna,Concerto,1
182,20/05/2017,Blues,,Ritmo Lento,Bologna,Concerto,1
183,25/05/2017,I Botanici,,Vicolo Bolognetti,Bologna,Concerto,1
184,26/05/2017,Baustelle + Giorgi Poi at Mi Ami Festival,,Circolo Magnolia,Milano,Festival,1
185,27/05/2017,Mi Ami Festival,,Circolo Magnolia,Milano,Festival,1
186,01/06/2017,Cody Chesnutt,,Parco del Cavaticcio,Bologna,Concerto,1
187,06/06/2017,Cristina Don√†,,Parco del Cavaticcio,Bologna,Concerto,1
188,06/06/2017,Adriano Viterbini,,Parco del Cavaticcio,Bologna,Concerto,1
189,08/06/2017,Whitney,,Parco del Cavaticcio,Bologna,Concerto,1
190,09/06/2017,Angela Baraldi + Soko,,Parco del Cavaticcio,Bologna,Concerto,1
191,10/06/2017,Guns N Roses,,Autodromo Enzo e Dino Ferrari,Imola,Concerto,3
192,12/06/2017,Enzo Avitabile,,Parco del Cavaticcio,Bologna,Concerto,1
193,13/06/2017,Vapors Of Morphine,,Parco del Cavaticcio,Bologna,Concerto,1
194,14/06/2017,Giorgio Poi,,Parco del Cavaticcio,Bologna,Concerto,1
195,15/06/2017,Francesco Motta,,Parco del Cavaticcio,Bologna,Concerto,1
196,16/06/2017,Radiohead @ I-Days ,,Autodromo Nazionale ,Monza,Festival,5
197,17/06/2017,The Zen Circus,,Parco del Cavaticcio,Bologna,Concerto,1
198,17/06/2017,La Repubblica delle Idee,,Piazza Maggiore,Bologna,Festival,4
199,23/06/2017,Aerosmith + Placebo,,Ippodromo del Visarno,Firenze,Concerto,2
200,24/06/2017,Management del dolore post Operatorio,,Covo Club,Bologna,Concerto,1
201,25/06/2017,System Of A Down + Prophets Of Rage,,Ippodromo del Visarno,Firenze,Concerto,2
202,29/06/2017,Depeche Mode,,Stadio Renato Dall' Ara,Bologna,Concerto,1
203,30/06/2017,Apres La Classe @ Botanique,,Giardini FIlippo Re,Bologna,Concerto,1
204,01/07/2017,Espana Circo Este @ Botanique,,Giardini FIlippo Re,Bologna,Concerto,1
205,07/07/2017,Moplen + Mareina + Cosmetic ,,Vicolo Bolognetti,Bologna,Concerto,2
206,08/07/2017,Gazzelle,,Covo Club,Bologna,Concerto,1
207,12/07/2017,Selton @ Botanique,,Giardini FIlippo Re,Bologna,Concerto,1
208,15/07/2017,U2 - The Joshua Tree Tour 2017,,Stadio Olimpico,Roma,Concerto,1
209,18/07/2017,Akexander Romanovsky,,Piazza Verdi,Bologna,Concerto,1
210,19/07/2017,Carl Brave X Franco 126,,Covo Club,Bologna,Concerto,1
211,10/08/2017,Biffy Clyro + Sziget Festival 25th edition,,Island of freedom,"Budapest (HU)





",Festival,2
212,11/08/2017,PJ Harvey + Kasabian + Sziget Festival 25th edition,,Island of freedom,,,2
213,12/08/2017,Crystlal Fighters + Bad Religion +  Goran Bregovic Wedding and Funeral Band @ Sziget Festival 25th edition,,Island of freedom,,,3
214,13/08/2017,White Lies @ Sziget Festival 25th edition,,Island of freedom,,,1
215,14/08/2017,Two Doors Cinema Club + Cosmo @ Sziget Festival 25th edition,,Island of freedom,,,2
216,15/08/2017,alt J + Interpol √®@ Sziget Festival 25th edition,,Island of freedom,,,2
217,31/08/2017,Home Festival - Day 1,,Ex Dogana,Treviso,Festival,10
218,01/09/2017,Home Festival - Day 2,,Ex Dogana,Treviso,Festival,10
219,02/09/2017,Home Festival - Day 3,,Ex Dogana,Treviso,Festival,10
220,03/09/2017,Home Festival - Day 4,,Ex Dogana,Treviso,Festival,10
221,31/08/2017,Max Gazz√® & Carmen Consoli @ Festa dell' Unit√†,,Arena Parco Nord,Bologna,Concerto,1
222,01/09/2017,Iosonouncane,,Arena Puccini,Bologna,Concerto,1
223,02/09/2017,Colombre + Altre di B ,,Arena Puccini,Bologna,Concerto,2
224,03/09/2017,Coez ,,Arena Puccini,Bologna,Concerto,1
225,12/09/2017,Funky Jam,,Cortile Caf√®,Bologna,Concerto,1
226,01/09/2017,Iosonouncane,,Arena Puccini,Bologna,,
227,19/09/2017,Blues Jam,,Cortile Caf√®,Bologna,Concerto,1
228,23/09/2017,Zucchero,,Arena di Verona,Verona,Concerto,1
229,30/09/2017,His Clancyness + Dead Horses,,Covo Club,Bologna,Concerto,2
230,08/07/2017,Kratakoa,,TPO,Bologna,Concerto,4
231,27/10/2017,Tycho,,Estragon,Bologna,Concerto,2
232,28/10/2017,Indie Pride,,TPO,Bologna,Concerto,5
233,4/11/2017,Queens Of The Stone Age,,Unipol Arena,Casalecchio di Reno (BO),Concerto,1
234,8/11/2017,W.A.S.P.,,Estragon Club,Bologna,Concerto,2
235,11/11/2017,Gazebo Penguins,,Covo Club,Bologna,Concerto,1
236,25/11/2017,Caparezza,,Unipol Arena,Casalecchio di Reno (BO),Concerto,1
237,30/11/2017,Testament + Annhilator,,Estragon Club,Bologna,Concerto,2
238,2/12/2017,Tubax + PoiL,,Covo Club,Bologna,Concerto,2
239,15/12/2017,Mando Diao,,Covo Club,Bologna,Concerto,2
240,16/12/2017,Willie Peyote,,Estragon,Bologna,Concerto,1
241,19/12/2017,Elio e Le Storie Tese,,Mediolanum Forum,Assago (MI),Concerto,1
242,23/12/2017,Bradipos IV,,Club 33 Giri ,Santa Maria Capua Vetere (CE),Concerto,1
243,26/12/2017,Vittorio Piano Terra,,Club 33 Giri ,Santa Maria Capua Vetere (CE),Concerto,1
244,29/12/2017,Joe Victor,,Magazzini Fermi,Aversa (CE),Concerto,1
245,30/12/2017,M√≤n / open act L√∂ve ,,Club 33 Giri,Santa Maria Capua Vetere (CE),Concerto,2
246,18/01/2018,Colapesce,,Teatro Antoniano,Bologna,Concerto,1
247,20/01/2018,Andrea Laszlo De Simone ,,Covo Club,Bologna,Concerto,1
248,26/01/2018,Fine Before You Came,,Covo Club,Bologna,Concerto,1
249,10/02/2018,Calibro 35,,Locomotiv Club,Bologna,Concerto,2
250,12/02/2018,Metallica ,,Unipol Arena,Casalecchio di Reno (BO),Concerto,1
251,16/02/2018,La Rappresenta di Lista,,Mercato Sonato,Bologna,Concerto,1
252,17/02/2018,Baciamolemani ,,Club 33 Giri,Santa Maria Capua Vetere (CE),Concerto,1
253,24/02/2018,The Soft Moon,,Covo Club,Bologna,Concerto,1
254,02/03/2018,Pinguini Tattici Nucleari ,,Covo Club,Bologna,Concerto,1
255,03/03/2018,Slowdive ,,Locomotiv Club,Bologna,Concerto,1
256,12/03/2018,"Ministri presentano ""Fidatevi""",,Piazza Ravegnana,Bologna,Presentazione Album,1
257,13/03/2018,Iosonouncane + Paolo Angeli ,,Teatro Duse,Bologna,Concerto,1
258,15/03/2018,Franz Ferdinand ,,Unipol Arena,Casalecchio di Reno (BO),Concerto,2
259,16/03/2018,Tubax ,,Mercato Sonato,Bologna,Concerto,3
260,17/03/2018,Cosmo in Cosmotronic,,LINK,Bologna,Concerto,2
261,23/03/2018,"It's a wave | Suvari, San Diego, Le Mandorle",,Covo Club,Bologna,Concerto,3
262,24/03/2018,Soviet Soviet ,,Covo Club,Bologna,Concerto,1
263,26/03/2018,Marcus Miller ,,Teatro Manzoni,Bologna,Concerto,1
264,28/3/2018,Fede N' Marlen ,,L' Altro Spazio,Bologna,Concerto,1
265,31/3/2018,Siberia ,,Covo Club,Bologna,Concerto,1
266,05/04/2018,Ministri ,,Estragon Club,Bologna,Concerto,2
267,10/04/2018,Afterhours,,Mediloanum Fourm,Bologna,Concerto,1
268,12/4/2018,Baustelle ,,Estragon Club,Bologna,Concerto,2
269,13/4/2018,The Zen Circus ,,Estragon Club,Bologna,Concerto,1
270,19/4/2018,Bud Spencer Blues Explosion ,,Locomotiv Club,Bologna,Concerto,2
271,20/4/2018,Ministri,,Vox Club,Bologna,Festival,2
272,21/04/2018,Roger Waters | Us and them world tour,,Unipol Arena,Casalecchio di Reno (BO),Festival,1
273,10/05/2018,Elio e le Storie Tese ,,Unipol Arena,Casalecchio di Reno (BO),Concerto,2
274,12/05/2018,Shame ,,Covo Club,Bologna,Concerto,1
275,16/5/2018,Her Skin ,,Off Club,Bologna,Concerto,1
276,26/05/2018,Tre Allegri Ragazzi Morti + Prozac+  + Giorgeness at MiAmi Festival,,Circolo Magnolia,Milano,Festival,1
277,1/6/2018,Bud Spencer Blues Explosion ,,Parco del Cavaticcio,Bologna,Concerto,1
278,03/06/2018,Colapesce @ Biografilm,,Parco del Cavaticcio,Bologna,Concerto,1
279,04/06/2018,Andrea Laszlo De Simone @ Biografilm,,Parco del Cavaticcio,Bologna,Concerto,1
280,05/06/2018,Coma_Cose @ Biografilm,,Parco del Cavaticcio,Bologna,Concerto,1
281,06/06/2018,Cimini @ Biografilm,,Parco del Cavaticcio,Bologna,Concerto,1
282,07/06/2018,Willie Peyote @ Biografilm,,Parco del Cavaticcio,Bologna,Concerto,1
283,08/06/2018,Pinguini Tattici Nucleari @ Biografilm,,Parco del Cavaticcio,Bologna,Concerto,1
284,10/6/2018,Jovanotti per La Repubblica delle Idee,,Piazza Maggiore,Bologna,Concerto,1
285,12/6/2018,Lo Stato Sociale ,,Piazza Maggiore,Bologna,Concerto,1
286,14/06/2018,The Kills + Foo Fighters @ Firenze Rocks,,Ipoddromo del Visarno,Firenze,Festival,1
287,16/06/2018,Helloween + Iron Maiden @ Firenze Rocks,,Ipoddromo del Visarno,Firenze,Festival,2
,20/04/2018,"Ministri ""Fidatevi "" Tour",,VOX, Nonantola (MO),Concerto,1
288,20/06/2018,Galeffi ,,Parco del Cavaticcio,Bologna,Concerto,1
289,26/6/2018,Cesare Cremonini,,Stadio Renato Dall' Ara,Bologna,Concerto,1
290,1/7/2018,Ancora #5 Festival ,,Covo Club,Bologna,Festival,4
291,03/07/2018,Paolo Fresu & Daniele Di Bonaventura @ Botanique,,Giardfini FIlippo Re,Bologna,Concerto,1
292,07/07/2018,Japandroids ,,Covo Club,Bologna,Concerto,1
293,11/7/2018,JoyCut @ Botanique,,Giardfini FIlippo Re,Bologna,Concerto,1
294,10/7/2018,Particle Kid ,,Hana Bi,Marina Di Ravenna,Concerto,1
295,20/7/2018,To Lose La Track - Italian Party,,,Umbertide (PG),Festival,5
296,24/7/2018,Paolo Cevoli e Saxofollia - Rossini Compilation,,Piazza Verdi,Bologna,Concerto,1
297,26/7/2018,Rumba Da Bodas ,,Parco della Montagnola,Bologna,Concerto,1
298,28/7/2018,Jazz Round Midnight ,,Palazo Re Enzo,Bologna,Concerto,1
299,08/08/2018,Kendrick Lamar + Willie Petote @ Sziget Festival,,Island of freedom,Budapest (HU),Festival,1
300,09/08/2018,Unkokwn Mortal Orchestra + Bonobo + Gorillaz Sziget Festival,,,,,1
301,10/08/2018,The Kooks + Parov Stellar + Lana Del Rey Sziget Festival,,,,,1
302,11/08/2018,Bastille + Mumford & Sons + Aurora Sziget Festival,,,,,1
303,12/08/2018,Liam Gallagher + Dua Lipa + King Gizzard & The Lizard Wizard Sziget Festival,,,,,1
304,13/08/2018,Sziget Festival,,,,,1
305,14/08/2018,Arctic Monkeys + Fever Ray Sziget Festival,,,,,1
306,22/08/2018,Eugenio In Via Di Gioia,,Frogstock,Riolo Terme (RA),Concerto,1
307,23/08/2018,The Zen Circus,,Frogstock,Riolo Terme (RA),Concerto,1
308,25/08/2018,Ministri,,Frogstock,Riolo Terme (RA),Concerto,1
309,31/08/2018,Eugenio In Via Di Gioia,,Frogstock,Riolo Terme (RA),Concerto,1
310,07/09/2018,Ministri,,Festareggio,Reggio Emilia ,Concerto,1
311,08/09/2018,Ghemon + Cosmo ,, Ecosuoni, Palma Campania (NA),Concerto,2
312,13/09/2018,Modena Indie Festival,,,Stradello Anesino Nord (MO),Concerto,3
313,13/09/2018,Tutto Molto Bello,,Arena Puccini,Bologna,Festival,1
314,13/09/2018,Krakatoa,,TPO,Bologna,Festival,1
315,13/09/2018,Krakatoa,,TPO,Bologna,Festival,1
316,12/10/2018,Defheaven,,TPO,Bologna,Concerto,1
317,13/10/2018,Balto + Cara Calma,,Mikasa,Bologna,Concerto,2
318,19/10/2018,Nu Guinea,,Locomotiv Club,Bologna,Concerto,1
319,02/11/2018,Club To Club,,Ex Lingotto,Torino,Festival,3
320,03/11/2018,Club To Club,,Ex Lingotto,Torino,Festival,3
321,05/11/2018,Bologna Violenta,,Freakout Club,Bologna,Concerto,2
322,08/11/2018,Dunk!,,Covo Club,Bologna,Concerto,1
323,10/11/2018,Calibro 35 ,,Locomotiv Club,Bologna,Concerto,1
324,14/11/2018,Superorganism ,,Locomotiv Club,Bologna,Concerto,1
325,15/11/2018,Igoor,,Locomotiv Club,Bologna,Concerto,1
326,17/11/2018,Bud Spencer Blues Explosion,,Locomotiv Club,Bologna,Concerto,1
327,20/11/2018,Cragi Brown Band,,Freakout Club,Bologna,Concerto,3
328,21/11/2018,Quercia,,Mikasa,Bologna,Concerto,1
329,23/11/2018,Willie Peyote      ,,Estragon Club,Bologna,Concerto,1
330,24/11/2018,Nothing + Gomma,,Locomotiv Club,Bologna,Concerto,2
331,27/11/2018,MGMT,,Estragon Club,Bologna,Concerto,1
332,29/11/2018,Editors,,Paladozza,Bologna,Concerto,1
333,1/12/2018,Immanuel Casto,,Zona Roveri,Bologna,Concerto,1
334,5/12/2018,Cabrera,,Mikasa,Bologna,Concerto,1
335,11/12/2018,Le Luci della Centrale Elettrica,,Teatro Duse,Bologna,Concerto,1
336,14/01/2019,Uccelli + I Camillas ,,Locomotiv Club,Bologna,Concerto,2
337,19/01/2019,Riccardo Sinigallia ,,Locomotiv Club,Bologna,Concerto,1
338,19/01/2019,La Famiglia ,,Freakout Club,Bologna,Concerto,1
339,02/02/2019,Myss Keta + Cosmo,, Mediolanum Forum,Assago (MI),Concerto,2
340,09/02/2019,Warmduscher,,Covo Club,Bologna,Concerto,4
341,12/02/2019,Subsonica,,Unipol Arena,Casalecchio Di Reno (BO),Concerto,1
342,14/02/2019,I Hate My Village ,,Locomotiv Club,Bologna,Concerto,1
343,15/02/2019,Riviera + Urali ,,Freakout Club,Bologna,Concerto,2
344,16/02/2019,Cloud Nothings + Big Mountains ,,Covo Club,Bologna,Concerto,2
345,20/02/2019,Massimo Volume ,, Teatro Manzoni,Bologna,Concerto,1
346,01/03/2019,Be Forest ,,Covo Club,Bologna,Concerto,1
347,02/03/2019,Giardini di Mir√≤ ,,Locomotiv Club,Bologna,Concerto,1
348,09/03/2019,Felpa + Wild Nothing ,,Covo Club,Bologna,Concerto,2
349,11/03/2019,White Lies + Boniface,,Estragon Club,Bologna,Concerto,2
350,16/03/2019,Salmo  ,,Unipol Arena,Casalecchio di Reno (BO) ,Concerto,1
351,17/03/2019,Florence + The Machine ,,Freakout Club,Bologna,Concerto,1
352,19/03/2019,Nasdat ,,Freakout Club,Bologna,Concerto,1
353,21/03/2019,Edda ,,Locomotiv Club,Bologna,Concerto,1
354,22/03/2019,Xiu Xiu ,,Covo Club,Bologna,Concerto,1
355,23/03/2019,La Rappresentante di Lista ,,Locomotiv Club,Bologna,Concerto,1
356,26/03/2019,Frank Carter and the Rattlesnakes ,,Locomotiv Club,Bologna,Concerto,1
357,28/03/2019,Aaabu + Cara Calma ,,Cortile Caf√®,Bologna,Concerto,2
358,29/03/2019,C' Mon Tigre,,Bronson,Ravenna,Concerto,1
359,05/04/2019,Cosmetic ,,Mikasa,Bologna,Concerto,1
360,11/04/2019,Giorgio Poi ,,Locomotiv Club,Bologna,Concerto,1
361,12/04/2019,An Evening with Manuel Agnelli,,Teatro Manzoni,Bologna,Concerto,1
362,13/04/2019,Cut + Giuda ,,Covo Club,Bologna,Concerto,2
363,19/04/2019,To Lose La Track Party ,,Mikasa,Bologna,Concerto,3
364,20/04/2019,Leo Pari e Auroro Borealo + The Shark         ,,Covo Club,Bologna,Concerto,3
365,19/04/2019,Ronin ,,Mikasa,Bologna,Concerto,1
366,26/04/2019,Sick Tamburo + La Discoteca ,,Covo Club,Bologna,Concerto,2
367,27/04/2019,Mono + Arabrot + Jo Quai ,,TPO,Bologna,Concerto,3
368,01/05/2019,Murubutu + Apr√®s La Classe ,,Piazza Maggiore,Bologna,Concerto,2
369,04/05/2019,Nu Guinea ,,LINK,Bologna,Concerto,1
370,10/05/2019,Myss Keta ,,Locomotiv Club,Bologna,Concerto,1
371,11/05/2019,Zu + Uochi Toki ,,TPO,Bologna,Concerto,2
372,12/05/2019,"Fast Animals and Slow Kids - Presentazione ""Animali notturni""",,Mondadori,Bologna,Presentazione Album,1
373,15/05/2019,"K√¶lan Mikla, European Ghost ",,Freakout Club,Bologna,Concerto,2
374,16/05/2019,Benjamine Clementine + Guest ,,Teatro Celebrazioni,Bologna,Concerto,2
375,18/05/2019, (Old Fashioned Boy + Sdang + Animatronic @ YAY Fest,,Mikasa,Bologna,Festival,4
376,19/05/2019,"Urali, Costa Brava, Tacobellas @ YAY Fest ",,Mikasa,Bologna,Festival,3
377,22/05/2019,Mahmood ,,Locomotiv Club,Bologna,Concerto,1
378,23/05/2019,The Messthetics ,,Locomotiv Club,Bologna,Concerto,1
379,24/05/2019,MI AMI Festival | Day 1 ,,Circolo Magnolia,Segrate (MI),Festival,7
380,25/05/2019,MI AMI Festival | Day 2 ,,Circolo Magnolia,Segrate (MI),Festival,5
381,26/05/2019,MI AMI Festival | Day 3 ,,Circolo Magnolia,Segrate (MI),Festival,5
382,27/05/2019,PFM canta De Andr√® ,,Teatro Europauditorium ,Bologna,Concerto,1
383,29/05/2019,Motorpsycho ,,Locomotiv Club,Bologna,Concerto,1
384,31/05/2019,Riccardo Sinigallia @ Biografilm ,,Parco del Cavaticcio,Bologna,Concerto,1
385,01/06/2019,Nada @ Biografilm ,,Parco del Cavaticcio,Bologna,Concerto,1
386,02/06/2019,Warm Drag @ No Glucose,,,,Concerto,1
387,03/06/2019,The Winstons @ Biografilm,,Parco del Cavaticcio,Bologna,Concerto,1
388,04/06/2019,Fast Animals and Slow Kids @ Biografilm,,Parco del Cavaticcio,Bologna,Concerto,1
389,05/06/2019,Fulminacci @ Biografilm,,Parco del Cavaticcio,Bologna,Concerto,1
390,09/06/2019,Handamade Festival ,,Tagliata,Guastalla (RE),Festival,8
391,11/06/2019,I Giardini di Mir√≤ @ Biografilm,,Biografilm,Bologna,Concerto,1
392,13/06/2019,Tool + Dream Theater + Smashing Pumpkins @ Firenze Rocks,,Ippodromo del Visarno,Firenze,Concerto,3
393,14/06/2019,Rancore live @ Biografilm ,,Parco del Cavaticcio,Bologna,Concerto,1
394,16/06/2019,Romito + M√≤n + Bradipos IV @  La Musica pu√≤ fare 8,,Piazza Parrocchia,San Nicola La Strada (CE),Festival,3
395,17/06/2019,Alex Britti @ Festa della Madonna di Costantinopoli,,,Cellole (CE),Concerto,1
396,27/06/2019,Slipknot + Amon Amarth + Testament + Lacuna Coil,,Arena Parco Nord/Joe Strummer,Bologna,Festival,4
397,29/06/2019,Elephantides + Be Forest + Dolpo @ Festa del Ringraziamento ,,Circolo Musicale Lato B,Finale Emilia (MO),Festival,5
398,05/07/2019,"Francesco Motta, Murubutu, Giorgio Canali & Rossofuoco @ Otre Festival",,Parco delle Caserme Rosse,Bologna,Concerto,4
399,06/07/2019,Funk Session ,,Piazza Verdi,Bologna,Concerto,1
400,06/07/2019,Jazz Around Midnight ,,Palazzo Re Enzo,Bologna,Concerto,1
401,18/07/2019," I Hate My Village, Rancore, Afterhours @ Bologna Sonic Park",,Arena Parco Nord,Bologna,Concerto,3
402,20/07/2019,Muse ,,Stadio Olimpico,Roma,Concerto,1
403,26/07/2019,M√≤n ,,Cortili di Ago,Modena,Concerto,1
404,27/07/2019,Uzeda @ Flame Fest,,Ekidna,Carpi (MO),Concerto,1
405,02/08/2019,Ministri @ Filagosto Festival,,Zona industriale e artigianale ,Bergamo,Concerto,1
406,02/08/2019,Bleech Festival (Venerus + Tropea + Mille Punti + Fig√πra),,Villa Barattieri,Albarola di Vigolzone (PC),Concerto,4
407,14/08/2019,Dead Kennedys + Offsrping @ Bay Fest,,,Bellaria Igea Marina (RI),Concerto,2
408,24/08/2019,Disorder | Day 3,,,Eboli (SA),Concerto,3
409,25/08/2019,Disorder | Day 4,,,Eboli (SA),Concerto,3
410,30/08/2019,Tre Allegri Ragazzi Morti + La Rappresentante di Lista,,Arena del Lago ,Modena,Concerto,2
411,07/09/2019,Bob Corn + Bee Bee Sea AT No Glucose FESTA ,,Rudere,Bologna,Concerto,3
412,10/09/2019,Fast Animals and Slow Kids UNPLUGGED per Tutto Molto Bello,,Piazza Maggiore,Bologna,Concerto,1
413,13/09/2019,La Rappresentante di Lista @ Tutto Molto Bello,,Arena Puccini,Bologna,Concerto,1
414,14/09/2019,Andrea Laszlo De Simone + Bud Spencer Explosion + Colle Der Fomento @ Tutto Molto Bello,,Arena Puccini,Bologna,Festival,3
415,15/09/2019,Jennifer Jentle @ Tutto Molto Bello,,Arena Puccini,Bologna,Festival,1
416,21/09/2019,Io & La Tigre | The Zen Circus @ Villa Inferno,,Bike Bar Cinetico,Montaletto (RA),Concerto,2
417,27/09/2019,Tubax ,,Locomotiv Club,Bologna,Concerto,2
418,03/10/2019,Krakatoa (Preview) ,,TPO,Bologna,Festival,1
419,05/10/2019,Krakatoa (Day 1) ,,TPO,Bologna,Festival,1
420,06/10/2019,Krakatoa (Day 2) ,,TPO,Bologna,Festival,1
421,11/10/2019,Pixies ,,Paladozza,Bologna,Concerto,1
422,16/10/2019,Sleep ,,TPO,Bologna,Concerto,1
423,20/10/2019,Spaghetti Unplugged ,,Cortile Caf√®,Bologna,Concerto,1
424,25/10/2019,The Amazons ,,Covo Club,Bologna,Concerto,1
425,26/10/2019,Indie Pride  ,,TPO,Bologna,Concerto,2
426,29/10/2019,Flume ,,Tempodrom,Berlino,Concerto,1
427,30/10/2019,"Circa Waves ""What's It Like Over There? "" Tour",,Musik & Frieden,Berlino,Concerto,1
428,31/10/2019,Tresor ,,Tresor,Berlino,Concerto,1
429,14/11/2019,Deerhunter + Orville Peck ,,TPO,Bologna,Concerto,2
430,19/11/2019,Girless + LAGS @ ,,Freakout Club,Bologna,Concerto,2
431,21/11/2019,Ron Gallo + The Winstons ,,Locomotiv Club,Bologna,Concerto,2
432,23/11/2019,Temples ,,Locomotiv Club,Bologna,Concerto,1
433,30/11/2019,C' Mon Tigre ,,Locomotiv Club,Bologna,Concerto,1
434,06/12/2019,Tre Allegri Ragazzi Morti ,,MONK,Roma,Concerto,3
435,13/12/2019,Massimo Volume ,,Locomotiv Club,Bologna,Concerto,1
436,11/01/2020,Julie's Haircut ,,Locomotiv Club,Bologna,Concerto,1
437,19/01/2020,6000 Sardine ,,Piazza VII Agosto,Bologna,Festival,1
438,31/01/2020,Funk Shui Project & Davide Shorty ,,Locomotiv Club,Bologna,Concerto,1
439,14/02/2020,Calibro 35 ,,Locomotiv Club,Bologna,Concerto,1
440,21/02/2020,Big Thief ,,Locomotiv Club,Bologna,Concerto,1
441,15/06/2020,Giovanni Truppi @ Sunshine Superheros,,Arena Puccini,Bologna,Concerto,1
442,02/07/2020,Calibro 35 @ Sunshine Superheroes,,Arena Puccini,Bologna,Concerto,1
443,03/07/2020,Giancane + Zerocalcare @ Sunshine Superheroes,,Arena Puccini,Bologna,Concerto,1
444,01/08/2020,Cosmetic + Garda 1990 + Malpelo ,, Ekidna , San Martino Scuole (MO),Concerto,1
445,03/09/2020,Francesco Di Bella @ BologninAlive,,Parco Villa Angeletti,Bologna,Concerto,1
446,04/09/2020,Collettivo HMFC Festival @ BologninAlive,,Parco Villa Angeletti,Bologna,Concerto,1
447,06/09/2020,Musica Tra le Nuvole ,, Anfiteatro del Venda, Galzignano Terme (PD),Festival,3
448,11/09/2020,Colapesce Di Martino @ Tutto Molto Bello,,Arena Puccini,Bologna,Concerto,2
449,12/09/2020,Invisibili ,,Piazza Maggiore,Bologna,Festival,10
450,13/09/2020,"Calibro 35 sonorizzano ""Milano Odia"" @ Tutto Molto Bello",,Arena Puccini,Bologna,Concerto,1
451,16/09/2020,Rodrigo D'Erasmo @ BologninAlive,,Parco di Villa Angeletti,Bologna,Concerto,1
452,17/09/2020,Any Other + Colombre @ Tutto Molto Bello,,Arena Puccini,Bologna,Concerto,1
453,18/09/2020,Massimo Volume @ Tutto Molto Bello,,Arena Puccini,Bologna,Concerto,1
454,19/09/2020,Lucio Corsi @ Tutto Molto Bello,,Arena Puccini,Bologna,Concerto,1
455,20/09/2020,Tre Allegri Ragazzi Morti @ Tutto Molto Bello,,Arena Puccini,Bologna,Concerto,1
456,04/10/2020,"Fast Animals and Slow Kids presentano ""√à gi√† domani""",,Le Scuderie,Bologna,Presentazione Album,1
457,11/10/2020,C' Mon Tigre -  Silence is so freaking 'loud @ DIG Awards,,DIG Awards,Modena,Concerto,1
458,07/05/2021,Ottone Pesante,,Freakout Club,Bologna,Concerto,1
459,28/05/2021,Vipera,,Freakout Club,Bologna,Concerto,1
460,01/06/2021,Espana Circo Este @ BologninAlive,,Parco di Villa Angeletti,Bologna,Concerto,1
461,08/06/2021,Calibro 35 @ Sunshine Superheroes,,Arena Puccini,Bologna,Concerto,1
462,11/06/2021,CUT / The Procrastinators / CHOW - UP WELL!,,Fuori Orsa,Bologna,Concerto,3
463,12/06/2021,Coma_Cose @ Sunshine Superheroes,,Arena Puccini,Bologna,Concerto,1
464,15/06/2021,Gazebo Penguins,,Covo Club,Bologna,Concerto,1
465,22/06/2021,Lo Stato Sociale @ NOVA,,Dumbo,Bologna,Concerto,1
466,29/06/2021,Fatouma Diawara + Afrodelic @ NOVA,,Dumbo,Bologna,Concerto,2
467,01/07/2021,Soviet Soviet + Massimo Volume @ Ferrara Sotto Le Stelle,,Parco Massari Corso Porta Mare,Ferrara,Concerto,2
468,04/07/2021,Ministri @ NOVA,,Dumbo,Bolgna,Concerto,1
469,05/07/2021,Gnut @ Frida Nel Parco,,Parco della Montagnola,Bologna,Concerto,1
470,13/07/2021,The Zen Circus @ Nova,,Dumbo,Bologna,Concerto,1
471,16/07/2021,Tre Allegri Ragazzi Morti @ Nova,,Dumbo,Bologna,Concerto,1
472,18/07/2021,Colapesce Di Martino @ Nova,,Dumbo,Bologna,Concerto,1
473,22/07/2021,Bologna Violenta @ Frida Nel parco,,Parco della Montagnola,Bologna,Concerto,1
474,23/07/2021,Nero di Marte ,,Circolo DEV,Bologna,Concerto,1
475,24/07/2021,Subsonica,,Piazza Martiri,Carpi (MO),Concerto,1
476,25/07/2021,Gazebo Penguins @ Meca Festival,,,Ferrara,Concerto,1
477,01/08/2021,Ministri ,,Arena Lido,Rimini,Concerto,1
478,27/08/2021,Todays Festival,,,Torino,Festival,3
479,28/08/2021,Tuttifenomeni @ Todays Festival,,,Torino,Concerto,1
480,29/08/2021,Todays Festival,,,Torino,Festival,5
481,03/09/2021,Cara Calma + Punkreas ,,Pontelungo,Pontelungo (BO),Concerto,2
482,05/09/2021,Giovanni Truppi,,MAMbo,Bologna,Concerto,1
483,11/09/2021,The Comet is Coming @ Express Festival,,Arena Puccini,Bologna,Concerto,1
484,14/09/2021,Linguamadre - il canzoniere di Pasolini ,,Museo della Musica,Bologna,Concerto,1
485,15/09/2021,La Rappresentante di Lista ,,Arena Puccini,Bologna,Concerto,1
486,20/09/2021,The Notwist,,Arena Puccini,Bologna,Concerto,1
487,18/09/2021,Fast Animals and Slow Kids,,Kinotto,Bologna,Presentazione Album,1
488,25/09/2021,Gomma,,Covo Club,Bologna,Concerto,1
489,01/10/2021,Assalti Frontali,,Ex Centrale,Bologna,Concerto,1
490,15/10/2021,Adriano Viterbini,,Locomotiv Club,Bologna,Concerto,1
491,24/10/2021,Leatherette / Votto,,Circolo DEV,Bologna,Concerto,2
492,30/10/2021,Kings Of Convenience,,Teatro Manzoni,Bologna,Concerto,1
493,02/11/2021,Eugenio DI Via Gioia,,Estragon Club,Bologna,Concerto,1
494,05/11/2021,Hoverlogic + Manitoba,,Locomotiv Club,Bologna,Concerto,2
495,07/11/2021,Emma Nolde & Generic Animal,,Locomotiv Club,Bologna,Concerto,2
496,13/11/2021,Fine Before You Came,,Locomotiv Club,Bologna,Concerto,2
497,14/11/2021,Oltre Il Ponte,,Bolognina,Bologna,Concerto,1
498,17/11/2021,Marco Giudici,,Cortile Caf√®,Bologna,Concerto,1
499,26/11/2021,Techno,,Ex Centrale,Bologna,Concerto,1
500,27/11/2021,The Black Veils + Felpa,,Covo Club,Bologna,Concerto,1
501,28/11/2021,Viagra Boys,,LINK,Bologna,Concerto,1
502,03/12/2021,Tenebra / Eye Of The Golem,,Circolo DEV,Bologna,Concerto,2
503,04/03/2022,"Lo Stato Sociale with Max Collini, Niccol√≤ Carnesi",,Teatro Antoniano,Bologna,Concerto,1
504,05/03/2022,Elio canta e recita Enzo Jannacci,,Teatro Duse,Bologna,Concerto,1
505,24/03/2022,Bachi da Pietra,,Locomotiv Club,Bologna,Concerto,1
506,25/03/2022,Giancane,,Locomotiv Club,Bologna,Concerto,1
507,05/04/2022,Iosonouncane esegue IRA,,Teatro Duse,Bologna,Concerto,1
508,09/04/2022,24 Grana,,TPO,Bologna,Concerto,1
509,15/04/2022,La prima Festa dell' Amore,,Arena Parco Nord,Bologna,Festival,3
510,18/04/2022,La prima Festa dell' Amore,,Arena Parco Nord,Bologna,Festival,3
511,24/04/2022,Ministri,,Estragon Club,Bologna,Concerto,1
512,27/04/2022,I Botanici,,Cortile Caf√®,Bologna,Concerto,1
513,28/04/2022,Tenebra + Chow,,Circolo Dev,Bologna,Concerto,2
514,25/05/2022,Leatherette,,Combo,Bologna,Concerto,2
515,27/05/2022,Mi Ami Festival - Day 1 ,,Circolo Magnolia,Milano,Festival,5
516,28/05/2022,Mi Ami Festival - Day 2,,Circolo Magnolia,Milano,Festival,5
517,29/05/2022,Mi Ami Festival - Day 3,,Circolo Magnolia,Milano,Festival,5
518,02/06/2022,Primavera Sound,,Parc del Forum,Barcellona,Festival,5
519,03/06/2022,Primavera Sound ,,Parc del Forum,,Festival,5
520,04/06/2022,Primavera Sound ,,Parc del Forum,,Festival,5
521,05/06/2022,Primavera Sound - La Ciutat,,Razzmatazz,,Concerto,5
522,16/06/2022,Nu Genea live band / Seun Kuti & EGYPT 80,,DumBO,Bologna,Concerto,5
523,21/06/2022,Deftones,,Ex Caserme Rosse,Bologna,Concerto,2
524,18/06/2022,Margherita Vicario,,Dumbo,Bologna,Concerto,2
525,22/06/2022,Bandabard√≤ & Cisco,,Giardini Filippo Re,Bologna,Concerto,2
526,23/06/2022,Chet Faker,,Ex Caserme Rosse,Bologna,Concerto,2
527,01/07/2022,Fulminacci,,Ex Caserme Rosse,Bologna,Concerto,3
528,07/07/2022,Airbourne + Lord of the lost,,Arena Parco Nord / Joe Strummer,Bologna,Concerto,
529,08/07/2022,Porridge Radio + Nothing @ Arti Vive,,,Soliera (MO),Concerto,
530,09/07/2022,Yves Tumor @ Arti Vive,,,Soliera (MO),Concerto,
531,22/07/2022,Caparezza,,Piazza Trento Trieste,Ferrara,Concerto,1
532,29/07/2022,Grupo Compay Segundo ,,Piazza Lucio Dalla,Bologna,Concerto,1
533,30/07/2022,C' Mon Tigre	,,Parco Marco Coletta,Ferrara,Concerto,1
534,03/08/2022,Vieri Cervelli Montel,,Parco della Montagnola,Bologna,Concerto,1
535,01/10/2022,Tutto Molto Bello,,Arena Puccini,Bologna,Concerto,1
536,05/10/2022,Scratch Party | Azione sperimentale di musica e immagini,,"Accademia, delle belle Arti",Bologna,Concerto,1
537,06/10/2022,Robot Festival 22 | Day 1,,Palazzo Re Enzo,Bologna,Concerto,1
538,16/09/2022,Spring Attitude,,Cinecitt√†,Roma,Concerto,1
539,17/09/2022,Calibro 35 @ Spring Attitude,,Cinecitt√†,Roma,Concerto,1
540,25/08/2022, Roberto Dell'Era,,Montagnola,Bologna,Concerto,1
541,30/09/2022,Iosonouncane,,Locomotiv Club,Bologna,Concerto,1
542,14/10/2022,Ninos Du Brasil,,Locomotiv Club,Bologna,Concerto,1
543,15/10/2022,Marracash,,Unipol Arena,Casalecchio di Reno (BO) ,Concerto,1
544,20/10/2022,Edda,,Locomotiv Club,Bologna,Concerto,1
545,21/10/2022,Death Bells ,,Covo Club,Bologna,Concerto,1
546,29/10/2022,Leatherette,,Covo Club,Bologna,Concerto,1
547,02/11/2022,Verdena ,,Estragon Club,Bologna,Concerto,1
548,03/11/2022,Cinzia Zaccaroni,,Cortile Caf√®,Bologna,Concerto,1
549,04/11/2022,The Lounge Society + Big Mountain County,,Covo Club,Bologna,Concerto,1
550,16/11/2022,Altin Gun,,Locomotiv Club,Bologna,Concerto,1
551,18/11/2022,Emma Nolde,,Locomotiv Club,Bologna,Concerto,1
552,28/11/2022,Verdena,,Teatro Palapartenope,Napoli,Concerto,1
553,03/12/2022,Bradipos IV,,Mr Rolly's,Vitulazio,Concerto,1
554,06/12/2022,The Zen Circus,,Teatro Duse,Bologna,Concerto,1
555,08/12/2022,Gazebo Penguins,,Locomotiv Club,Bologna,Concerto,1
556,09/12/2022,Mauskovic Dance Band,,Locomotiv Club,Bologna,Concerto,1
557,10/12/2022,Volumella ,,Freakout Club,Bologna,Concerto,1
558,16/12/2022,Sick Tamburo,,Mercato Sonato,Bologna,Concerto,1
559,17/12/2022,Ministri,,Vox Club,Nonantola (MO),Concerto,1
560,18/12/2022,Mediterranea Swap Party,,Binario69,Bologna,Concerto,3
561,13/01/2023,Whitemary,,Locomotiv Club,Bologna,Concerto,1
562,14/01/2023,Gazebo Penguins,,"Off, Modena",Modena,Concerto,1
563,19/01/2023,Torso Virile Colossale,,Efesto,Bologna,Concerto,1
564,16/02/2023,Concerto per Bologna | 4 Stagioni,, Comunale Nouveau,Bologna,Concerto,1
565,18/02/2023,Tash LC Lappa ArkTah,,TPO,Bologna,Festival,3
566,03/03/2023,"Kalaima | Orefice, Puglisi, D'Orlando ",,Sghetto Club,Bologna,Concerto,1
567,08/03/2023,Dardust,,Teatro Celebrazioni,Bologna,Concerto,1
568,10/03/2023,NoBraino,,Estragon Club,Bologna,Concerto,1
569,11/03/2023,2ManyDJS,,Dumbo,Bologna,Concerto,1
570,16/03/2023,Nu Genea,,Estragon Club,Bologna,Concerto,1
571,17/03/2023,Bassi Maestro,,Sottotetto,Bologna,Concerto,1
572,01/04/2023,Italia 90,,Covo Club,Bologna,Concerto,2
573,04/04/2023,Tropea,,Locomotiv Club,Bologna,Concerto,1
574,11/04/2023,Immanuel Casto & Romina Falconi,,Teatro Duse,Bologna,Concerto,1
575,13/04/2023,Calibro 35,,Locomotiv Club,Bologna,Concerto,1
576,21/04/2023,Roger Waters,,Unipol Arena,Casalecchio di Reno (BO) ,Concerto,1
577,02/05/2023,Joe Satriani,,Teatro EuropAuditorium,Bologna,Concerto,1
578,12/05/2023,Marlene Kuntz,,Dumbo,Bologna,Concerto,1
579,26/05/2023,Le luci della centrale elettrica,,TPO,Bologna,Concerto,1
580,31/05/2023,Chow,,Fuori Orsa,Bologna,Concerto,1
581,02/06/2023,Kokoroko + Fusai Fusa @ Express Festival,,Arena Puccini,Bologna,Concerto,1
582,05/06/2023,Molchat Doma @ DLF Diretto Live Festival,,Arena Puccini,Bologna,Concerto,1
583,08/06/2023,Unsane @ Fermento In Villa,,Parco di Villa Angeletti,Bologna,Concerto,1
584,10/06/2023,Diodato @ La Repubblica delle Idee,,Piazza Maggiore,Bologna,Concerto,1
585,22/06/2023,Sick Tamburo @ Botanique Festival,,Giardini Filippo Re,Bologna,Concerto,1
586,24/06/2023,Verdena + MEG @ Sequoie Music Park	,,Caserme Rosse,Bologna,Festival,2
587,25/06/2023,Slipknot | Architects | Amon Amarth @ Knotfest,,Arena Parco Nord / Joe Strummer,Bologna,Festival,5
588,02/07/2023,Pantera + Kreator + Elegant Weapons,,Arena Parco Nord / Joe Strummer,Bologna,Festival,3
589,12/07/2023,Iron Maiden ,,Ziggo Dome,Amsterdam,Concerto,1
590,13/07/2023,Idles + The Murder Capital @ Beky Bay,,Bellaria Igea Marina,Bellaria Igea Marina,Festival,2
591,14/07/2023,Nada @ BOtanique Festival,,Giardini Filippo Re,Bologna,Concerto,1
592,16/07/2023,Articolo 31 @ Sequoie Music Park,,Caserme Rosse,Bologna,Concerto,1
593,16/07/2023,Galeffi @ Sequoie Music Park,,Caserme Rosse,Bologna,Concerto,1
594,18/07/2023,Jamese Senese & Napoli Centrale ,,Cubo Unipol,Bologna,Concerto,1
595,21/07/2023,Brusco @ Botanique Festival,,Giardini Filippo Re,Bologna,Concerto,1
596,22/07/2023,Blur @ Lucca Summer Festival,,Mura Storiche,Lucca,Concerto,1
597,23/07/2023,Colle Der Fomento + INOKI @ Bonsai Garden,,Caserme Rosse,Bologna,Concerto,2
598,27/07/2023,Giovanni Truppi ,,Cubo Unipol,Bologna,Concerto,1
599,10/08/2023,Ypsirock,,,"Castelbuono, Palermo",Festival,10
600,02/09/2023,Cut +Flyin'zebras @ Frida nel Parco,,Parco della Montagnola,Bologna,Concerto,2
601,08/09/2023,Marnero con Matteo Bennici,,Freakout Club,Bologna,Concerto,1
602,09/09/2023,Maple Death Death Fest @ Frida nel Parco,,Parco della Montagnola,Bologna,Festival,3
603,17/09/2023,Liberato + Thru Collected,,Piazza Plebiscito,Napoli,Concerto,2
604,21/09/2023,MEGA NON MI PIACE: 66cl,,Freakout Club,Bologna,Concerto,1
605,30/09/2023,Tense Up + Jaguero + Labradors ,,Circolo Dev,Bologna,Concerto,3
606,07/10/2023,Redbull Bar 64,,"Scampia, Napoli",Bologna,Festival,4
607,14/10/2023,DJ Shocca - Sacrosanto tour,,Locomotiv Club,Bologna,Concerto,1
608,27/10/2023,Gazebo Penguins ,,Covo Club,Bologna,Concerto,1
609,28/10/2023,Tenebra + Bottomless  ,,Freakout Club,Bologna,Concerto,1
610,10/11/2023,Alfa Mist ,,Locomotiv Club,Bologna,Concerto,1
611,11/11/2023,Ibisco  ,,Covo Club,Bologna,Concerto,1
612,14/11/2023,Daniela Pes ,,Locomotiv Club,Bologna,Concerto,1
613,17/11/2023,Studio Murena ,,Locomotiv Club,Bologna,Concerto,1
614,18/11/2023,Indianaizer  ,,Binario 69,Bologna,Concerto,1
615,30/11/2023,Greta Van Fleet  ,,Unipol Arena,Casalecchio di Reno (BO),Concerto,1
616,02/12/2023,"Chow, Forty Wings   ",,Circolo Dev,Bologna,Concerto,2
617,03/12/2023,Calcutta  ,,Unipol Arena,Casalecchio di Reno (BO),Concerto,1
618,04/12/2023,Marco Castello ,,Locomotiv Club,Bologna,Concerto,1
619,08/12/2023,99 Posse,,TPO,Bologna,Concerto,1
620,14/12/2023,Giovanni Truppi ,,Locomotiv Club,Bologna,Concerto,1
621,15/12/2023,Destrage ,,Locomotiv Club,Bologna,Concerto,1
622,16/12/2023,Tropico ,,Estragon Club,Bologna,Concerto,1
623,05/01/2024,Gianni Drudi ,,Binario 69,Bologna,Concerto,1
624,11/01/2024,Jam Session,,Binario 69,Bologna,Concerto,1
625,12/01/2024,"Ensi Nerone in ""Brava gente""",,Locomotiv Club,Bologna,Concerto,1
626,13/01/2024,"Baseball Gregg, Cleversquared, Spinnstdu @ Doppio Nodo",,Pollo Samoggia,Valsamoggia (BO),Festival,3
627,24/01/2024,Daniela Pes @ Teste mobili,,Cubo Unipol,Bologna,Concerto,1
628,29/01/2024,Dardust con Elisa,,Teatro Europaditorium,Bologna,Concerto,1
629,01/02/2024,Kuadra + KDM,,Circolo DEV,Bologna,Festival,1
630,08/02/2024,Ottone Pesante,,Freakout Club,Bologna,Concerto,1
631,10/02/2024,C' Mon Tigre,,TPO,Bologna,Concerto,1
632,24/02/2024,CCCP ,,"Astra kulturhaus, Berlinoi",Berlino,Concerto,1
633,29/02/2024,Any Other,,Locomotiv Club,Bologna,Concerto,1
634,03/03/2024,Savana Funk,,Dumbo,Bologna,Concerto,1
635,04/03/2024,Ciao - Rassegna Lucio Dalla,,Teatro Celebrazioni,Bologna,Concerto,1
636,15/03/2024,Mefisto Brass,,Mercato Sonato,Bologna,Concerto,1
637,18/03/2024,Nosferatsu live,,Locomotiv Club,Bologna,Concerto,1
638,22/03/2024,Piotta ,,Mercato Sonato,Bologna,Concerto,1
639,10/04/2024,Subsonica,,Unipol Arena,Casalecchio di Reno (BO),Concerto,1
640,13/04/2024,Yard Act,,Locomotiv Club,Bologna,Concerto,1
641,19/04/2024,Psych√®,,Binario 69,Bologna,Concerto,1
642,01/05/2024,Sacro Cuore,,Pontelungo,Bologna,Concerto,1
643,10/05/2024,Auroro Borealo + Danielle,,Locomotiv Club,Bologna,Concerto,2
644,16/05/2024,÷é ùï∂ùïπùï∫ùïø ùï±ùï∞ùïæùïø #4 ÷é ùñÇùï¨ùïΩùï∏-ùñÄùïª ÷é,,Circolo Dev,Bologna,Concerto,2
645,18/05/2024,Cor Veleno,,Pontelungo,Bologna,Concerto,1
646,21/05/2024,CCCP ,,Piazza Maggiore,Bologna,Concerto,1
647,22/05/2024,I hate my village,,Locomotiv Club,Bologna,Concerto,1
648,24/05/2024,Colapesce Di Martino + Daniela Pes + Tre Allegri Ragazzi Morti  @ Mi Ami Festival - 18¬∞ Edizione ,,Circolo Magnolia,Segrate (MI),Concerto,10
649,25/05/2024,Ministri + Tre Allegri Ragazzi Morti + others @ Mi Ami Festival - 18¬∞ Edizione ,,Circolo Magnolia,Segrate (MI),Concerto,8
650,26/05/2024,Tre Allegri Ragazzi Morti + others @ Mi Ami Festival - 18¬∞ Edizione ,,Circolo Magnolia,Segrate (MI),Concerto,7
651,31/05/2024,Orchestrina,,Tropical Balera,Bologna,Concerto,1
652,06/06/2024,Giorgio Canali & Rossofuoco,,Tatanka,Bologna,Concerto,1
653,07/06/2024,Ghemon - Una cosetta cos√¨,,Montagnola Republic,Bologna,Concerto,1
654,13/06/2024,"Kid Yugi, Willie Peyote, Fuera ",, Oltre Festival,Bologna,Concerto,3
655,14/06/2024,"Massimo Pericolo, Ex Otago, Eugenio in Via Di Gioia",,Oltre Festival,Bologna,Concerto,3
656,15/06/2024,Sacro Cuore + Il nodo,,Bologna Hardcore,Bolognina,Concerto,3
657,21/06/2024,Geolier,,Stadio Maradona,Napoli,Concerto,1
658,21/06/2024,La Musica pu√≤ fare 9,,Ortuo,Recale (CE),Concerto,3
659,26/06/2024,Studio Murena @ Festa dei Circoli ARCI,,Montagnola,Bologna,Concerto,1
660,26/06/2024,Tangerine Dream  @ Botanique,,Giardini Filippo Re,Bologna,Concerto,1
661,27/06/2024,Zucchero ,,Stadio Renato Dall' Ara,Bologna,Concerto,1
662,28/06/2024,Amalfitano ,,Tatanka,Bologna,Concerto,1
663,29/06/2024,Elio e le storie tese @ Sequoie Music Park,,Parco delle Caserme Rosse,Bologna,Concerto,1
664,04/07/2024,Suz + DJ Gruff ,,Giardini Filippo Re,Bologna,Concerto,2
665,05/07/2024,Salmo Noyz @ Sequoie Music Park,,Parco delle Caserme Rosse,Bologna,Concerto,1
666,06/07/2024,Da che parte stai? Dutch Nazari - Davide Shorty - Egreen,,Montagnola,Bologna,Concerto,3
667,12/07/2024,JoyCut @ BOtanique,,Giardini Filippo Re,Bologna,Concerto,1
668,13/07/2024,"Napoli Segreta @ Montagnola Republic
",,Montagnola,Bologna,DJ Set,1
669,17/07/2024,King Hannah @ Botanique,,Giardini Filippo Re,Bologna,Concerto,1
670,19/07/2024,Sandro Joyeux @ Di Mondi Festival ,,Piazza Lucio Dalla,Bologna,Concerto,1
671,20/07/2024,A Toys Orchestra @ Botanique,,Giardini Filippo Re,Bologna,Concerto,1
672,22/07/2024,Valerio Lundini e i Vazzanikki @ Sequoie Music Park,,Parco delle Caserme Rosse,Bologna,Concerto,1
673,23/07/2024,The Headhunters ,,Cubo Unipol,Bologna,Concerto,1
674,26/07/2024,Mefisto Brass @ Di Mondi Festival,,Piazza Lucio Dalla,Bologna,Concerto,1
675,27/07/2024,Italian Party,,Umbertide,Montone (PG),Festival,5
676,03/08/2024,Inoki with Kolosso Band ,,La Festa di San Lazzaro,San Lazzaro di Savena (BO),Concerto,1
677,23/08/2024,DJ Shocca & Frank Siciliano @ Sun Donato Festival,,Giardini Parker Lennon,Bologna,Concerto,1
678,24/08/2024,Rumba Da Bodas @ Sun Donato Festival,,Giardini Parker Lennon,Bologna,Concerto,1
679,30/08/2024,Shandon @ Sun Donato Festival,,Giardini Parker Lennon,Bologna,Concerto,1
680,31/08/2024,Sick Tamburo @ Sun Donato Festival,,Giardini Parker Lennon,Bologna,Concerto,1
681,01/09/2024,Andrea Pifferi @ Notte Bianca in Montagnola,,Parco della Montagnola,Bologna,Concerto,1
682,06/09/2024,Colapesce Di Martino @ Imola in musica ,,Piazza Matteotti,Imola,Concerto,1
683,07/09/2024,Nabat ,,Locomotiv Club,Bologna,Concerto,1
684,12/09/2024,"Fabio Celenza ""Faffiga experience""",,Locomotiv Club,Bologna,Concerto,1
685,13/09/2024,Cut,,Locomotiv Club,Bologna,Concerto,1
686,14/09/2024,Paolo Jannacci per La Strada del Jazz Bologna,,Piazza Maggiore,Bologna,Concerto,1
687,14/09/2024,Trans Upper Egypt at Maple Death In Park,,Parco della Montagnola,Bologna,Concerto,1
688,20/09/2024,Obesis + A90 (Tribute band),,Circolo Blackstar,Ferrara,Concerto,2
689,21/09/2024,Vasco Brondi @ Talk,,Faventias Sales ,Faenza,Concerto,1
690,27/09/2024,Liquami + Gazebo Penguins,,Locomotiv Club,Bologna,Concerto,2
691,05/10/2024,RBSN (live) + The mechanical man (after show) @ Club 33 Giri,,Spazio Loretta,San Nicola La Strada (CE),Concerto,1
692,09/10/2024,"Scorpion Child + Eye Of The Golem (""Nigredo"" Release Party)",,Freakout Club,Bologna,Concerto,2
693,11/10/2024,"Robot Festival | aya, Fennesz presents ‚ÄúMosaic‚Äù, 33EMYBW, upsammy, Marie Davidson presents: City Of Clowns, Richie Hawtin",,DumBO,Bologna,Festival,6
694,12/10/2024,"Robot Festival | Max Cooper 3D A/V, TOCCORORO, Modeselektor,  KOKOKO!, Daniela Pes",,DumBO,Bologna,Festival,5
695,13/10/2024,Robot Festival |  Nziria b2b ft. Stefania Vos,,TPO,Bologna,Festival,1
696,24/10/2024,Inter Arma / Hyperwullf ,,Circolo Dev ,Bologna,Concerto,1
697,26/10/2024,Girless,,Efesto ,Bologna,Concerto,1
698,29/10/2024,Irvine Welsh,,Locomotiv Club,Bologna ,DJ Set,1
699,30/10/2024,Casa Matta + Bulgarelli ,,Circolo DEV,Bologna ,Concerto,2
700,31/10/2024,Tre Allegri Ragazzi Morti,,Estragon Club,Bologna,Concerto,1
701,02/11/2024,"√òjne, Collars, Die S√ºnde ",,Freakout Club,Bologna,Concerto,3
702,07/11/2024,Marta del Grandi + Arianna Poli,,Locomotiv Club,Bologna,Concerto,2
703,08/11/2024,Joseph Martone,,Efesto House,Bologna,Concerto,1
704,16/11/2024,Mononeon,,Locomotiv Club,Bologna,Concerto,1
705,22/11/2024,Tanz Akademie + Leatherette,,Locomotiv Club,Bologna,Concerto,2
706,29/11/2024,"Moregr√©, Ren√†ra, Grigio Scarlatto, Cruiserweight Champion ",,Freakout Club,Bologna,Concerto,4
707,05/12/2024,HELMET Betty 30th anniversary ,, Locomotiv Club,Bologna,Concerto,1
708,06/12/2024,Black Snake Moan - The Winstons,, Locomotiv Club,Bologna,Concerto,2
709,07/12/2024,Savana Funk,,TPO,Bologna,Concerto,1
710,23/12/2024,N√≤stalghia - Antonio Cioppa (Drifting beat),,Manhattan,Duel Club,Concerto,1
711,27/12/2024,PMK 20th anniversary,,Secret location,Bellona,Concerto,1
712,11/01/2025,Urali + Arianna Pasini ,,Covo Club,Bologna,Concerto,2
713,17/01/2025,Whitemary @ Locomotiv Club,,Locomotiv Club,Bologna,Concerto,1
714,18/01/2025,Vintage Violence @ Locomotiv Club,,Locomotiv Club,Bologna,Concerto,1
715,23/01/2025,I Hate My Village @ Locomotiv Club,,Locomotiv Club,Bologna,Concerto,1
716,24/01/2025,Struzzi Decenti #15: Tiger! Shit! Tiger! Tiger! + Milo,,Freakout Club,Bologna,Concerto,3
717,25/01/2025,Softcore,,Locomotiv Club,Bologna,DJ Set,1
718,06/02/2025,Tostoi + Post Nebbia @ Locomotiv Club,,Locomotiv Club,Bologna,Concerto,2
719,12/02/2025,Pantera @ Unipol Arena,,Unipol Arena,Bologna,Concerto,1
720,13/02/2025,Mob Deep @ Locomotiv Club,,Locomotiv Club,Bologna,Concerto,1
721,22/02/2025,Konoha - HC NIGHT,,Circolo Hex,Bologna,Concerto,1
722,23/02/2025,Leatherette,,Freakout Club,Bologna,Concerto,1
723,26/02/2025,Il Teatro degli Orrori ,,Estragon Club,Bologna,Concerto,1
724,03/03/2025,Chris Eckman + TRAUM ,,Freakout Club,Bologna,Concerto,2
725,08/03/2025,Offlaga Disco Pax,,Locomotiv Club,Bologna,Concerto,1
726,15/03/2025,Folkabbestia @ Irlanda in Festa,,Piazza Lucio Dalla,Bologna,Concerto,1
727,22/03/2025,Chiaroscuro + Cosmetic,,Covo Club,Bologna ,Concerto,2
728,29/03/2025,Limp Bizkit + Karen Di√≥ + N8noface + Ecca Vandal + Bones @ LOSERVILLE 2025,,Unipol Arena,Casalecchio Di Reno,Festival,5
729,31/03/2025,Lenny Kravitz,,Unipol Arena,Casalecchio Di Reno,Concerto,1
730,04/04/2025,Iosonouncane,,Locomotiv Club,Bologna,Concerto,1
731,06/04/2025,Meg 30,,Locomotiv Club,Bologna,Concerto,1
732,11/04/2025,IL Mago del Gelato,,Covo Club,Bologna,Concerto,1
733,12/04/2025,Katana Koala Kiwi + C+C Maxigross,,Covo Club,Bologna,Concerto,2
734,13/04/2025,P38,,Ex Bocciofila,Bologna,Concerto,1
735,14/04/2025,Trip + Bebawinigi,,Freakout Club,Bologna,Concerto,1
736,01/05/2025,Samuel + Poche Spanne @ Concerto del Primo Maggio,,Piazza Maggiore,Bologna,Festival,3
737,02/05/2025,Splatterpink @ Frida nel parco,,Parco della Montagnola,Bologna,Concerto,1
738,03/05/2025,WEL + Puncake,,Covo Club,Bologna,Concerto,1
737,10/05/2025,Motorpsycho,,Vidia Club,Cesena,Concerto,1
738,16/05/2025,Valentino Vivace + Dov' √® Liana + Fenoaltea @ Gemini Festival,,Dumbo ,Bologna,Festival,3
739,17/05/2025,Maseeni + Danielle,,Covo Club,Bologna,Concerto,2
740,23/05/2025,Messa + Fulci  I Patagarri + Noyz Narcos + Fuckyourclique @ Mi Ami Festival,,Idroscalo,Milano,Concerto,5
741,24/05/2025,Fitness Forever + Il mago del gelato + Shablo + Ofllaga Disco Pax + Teatro degli orrori + Studio Murena @ Mi Ami Festival,,Idroscalo,Milano,Concerto,6
742,30/05/2025,66 cl + Riviera ,,CSOA Spartaco,Ravenna,Concerto,3
743,16/06/2025,Fontaines D.C. DJ Set @ Montagnola Republica,,Parco della Montagnola,Bologna,DJ Set,1
744,17/06/2025,Fontaines D.C. + Shame @ Sequoie Music Park,,Parco delle Caserme Rosse,Bologna,Concerto,2
745,18/06/2025,The KVB @ Botanique,,Giardini Filippo Re,Bologna,Concerto,1
746,19/06/2025,Cesare Cremonini,,Stadio Dall'Ara,Bologna,Concerto,1
747,21/06/2025,99 Posse @ Botanique ,,Giardini Filippo Re,Bologna,Concerto,1
748,24/06/2025,Jimmy Eat World + Spiritbox + Linkin Park,,Ippodromo SNAI,Milano,Concerto,3
749,26/06/2025,Afterhours ,,Parco delle Caserme Rosse,Bologna,Concerto,1
750,01/07/2025,Paolo Baldini @ Botanique ,,Giardini Filippo Re,Bologna,Concerto,1
751,02/07/2025,Karate,,Hana Bi,Marina di Ravenna,Concerto,1
752,04/07/2025,La Ni√±a,,Dumbo ,Bologna,Concerto,1
753,05/07/2025,Giancane,,Giardini FIlippo Re,Bologna,Concerto,1
754,06/07/2025,Jorja Smith @ Sequoie Music Park,,Parco delle Caserme Rosse,Bologna,Concerto,1
755,07/07/2025,Girlg Gang DJ Set,,Cavaticcio,Bologna,Concerto,1
756,08/07/2025,Alice Cooper @ Sequoie Music Park,,Parco delle Caserme Rosse,Bologna,Concerto,1
757,09/07/2025,Skunk Anansie @ Sequoie Music Park,,Parco delle Caserme Rosse,Bologna,Concerto,1
758,10/07/2025,Fabri Fibra @ Sequoie Music Park,,Parco delle Caserme Rosse,Bologna,Concerto,1
736,17/07/2025,Yƒ™N Yƒ™N @ Botanique,,Giardini Filippo Re,Bologna,Concerto,1
737,18/07/2025,Post Nebbia @ Botanique,,Giardini Filippo Re,Bologna,Concerto,1
738,25/07/2025,Die Abete + Liquami + Milo  @ Italian Party,,Piattaforma,Umbertide (PG),Festival,3
739,26/07/2025,Gazebo Penguins + Asino @ Italian Party,,Piattaforma,Umbertide (PG),Festival,3
740,27/07/2025,Caso @ Italian Party,,Associazione Corrente,Umbertide (PG),Festival,1
741,29/07/2025,Casino Royale meet CLAP! CLAP!,,Cubo Unipol,Bologna,Festival,1
742,30/07/2025,Calibro 35 ,,Cubo Unipol,Bologna,Concerto,1
743,07/08/2025,Litlle Simz + FASK + Papa Roach + Clarie XCX - I Hate Models + Empire of The Sun @ Sziget,,Island of freedom,Budapest,Festival,6
744,08/08/2025,Anna Castiglia + Ocena Alley + Nelly Furtado + Revenge of th Synth + Justice + Horsegirl + Batox + Boris Brejcha @ Sziget,,Island of freedom,Budapest,Festival,8
745,09/08/2025,Savana Funnk + Kid Cudi + Caribous + NCT Friends @ Sziget,,Island of freedom,Budapest,Festival,4
746,10/08/2025,Whitemary + FKA Twigs + Dogshow + Anyma @ Sziget,,Island of freedom,Budapest,Festival,4
747,11/08/2025,Fatdog + Post Malone + Strndz + Armin Van Bureren +  Bruatlismus 3000 @ Sziget,,Island of freedom,Budapest,Festival,5
748,22/08/2025,Ensi @ Sun Donato Festival,,Giardini Parker Lennon,Bologna,Concerto,1
749,23/08/2025,Psychodrummers @ Di Mondi Festival,,Piazza Lucio Dalla,Bologna,Concerto,1
750,04/09/2025,Riah + Il giardino degli specchi,,Freakout Club,Bologna,Concerto,2
751,10/09/2025,Casa Matta + Cotoba,,Freakout Club,Bologna,Concerto,2
752,12/09/2025,DJ Gruff & Gavino Murgia @ Montagnola Republic,,Parco della Montagnola,Bologna,Concerto,1
752,13/09/2025,Assalti Frontali,,Parco della Montagnola,Bologna,Concerto,1
753,17/09/2025,Mini Pony + Duel,,Freakout Club,Estragon Club,Concerto,2
754,22/09/2025,"Ministri - Aurora popolare ""Showcase""",,Locomotiv Club,Bologna,Presentazione Album,1
755,24/09/2025,Giorgio Canali & Rosso Fuoco @ Bologna Per Gaza ,,Piazza Lucio Dalla,Bologna,Concerto,1
756,27/09/2025,Lillo Morreale @ Tutto Molto Bello,,Locomotiv Club,Bologna,Festival,1
757,27/09/2025,Lazzro + Te Quiero Euridice + Milo @ Tutto Molto Bello,,Sghetto Club,Bologna,Festival,3
758,01/10/2025,Simone Grande Child Run / Massimo Silverio + Nicolas Remondino + Vieri Cervelli Montel ,,AngelicA ,Bologna,Concerto,2
759,04/10/2025,Split Dogs + Gogol Bordello,,Estragon Club,Bologna ,Concerto,2
760,08/10/2025,Mondo Generator + Ritual King ,,Freakout Club,Bologna,Concerto,2
761,11/10/2025,C'Mon Tigre + NZIRIA + Rival Consoles + Ela Minus @ Robot Festival,,Dumbo Bologna,Bologna,Festival,4
762,21/10/2025,Litania + Wyatt,,Freakout Club,Bologna,Concerto,2
763,23/10/2025,66cl,,Piazza Lucio Dalla,Bologna,Concerto,1
764,04/11/2025,Coca Puma,,Locomotiv Club,Bologna,Concerto,1
765,06/11/2025,Iosonouncane + Daniela Pes,,La Sala Apolo 2,Barcellona,Concerto,2
766,12/11/2025,High Vis + The Garden +Turnstile ,,Alcatraz,Milano,Concerto,3
767,14/11/2025,NON MI PIACE: La rivoluzione industirale e le sue conseguenze + Chiaroscuro + Submeet,,Freakout Club,Bologna,Concerto,3
768,15/11/2025,"Circus Punk + Ministri ""Aurora popolare""",,Estragon Club,Bologna,Concerto,2
769,18/11/2025,Marie Davidson,,Locomotiv Club,Bologna,Concerto,1
770,20/11/2025,Jacopo de leo,,Centro Sociale della Pace,Bologna,Concerto,1
771,22/11/2025,Kolosso,,Filla Auditorium,Bologna,Concerto,1
772,22/11/2025,Kokoon,,Efesto House,Bologna,Concerto,1
773,23/11/2025,Phill Reynolds + Cani Dei Portici ,,Freakout Club,Bologna,Concerto,2
774,01/12/2025,EKKSTACY,,Locomotiv Club,Bologna,Concerto,1
775,04/12/2025,Dad√†,,Locomotiv Club,Bologna,Concerto,1
776,06/12/2025,Despite of Exile + Fulci,,Locomotiv Club,Bologna ,Concerto,2
777,10/12/2025,ExMen + Cani,,Casa della Musica,Napoli,Concerto,2
778,12/12/2025,Il Mago del Gelato,,TPO,Bologna,Concerto,1
779,19/12/2025,Emma Grace,,Baumhaus,Bologna,Concerto,2
780,09/01/2026,Egreen + Kaos & DJ Craim,,Locomotiv Club,Bologna,Concerto,1
781,10/01/2026,Zu ,,TPO,Bologna,Concerto,1
782,16/01/2026,Tony Pitoni,,Estragon Club,Bologna,Concerto,2
783,17/01/2026,"Elly De Mon + Cut ""Riportando tutti a casa""",,Covo Club,Bologna,Concerto,1
784,22/01/2026,A90,,Centro Sociale della Pace,Bologna,Concerto,1
785,,,,,,,
786,,,,,,,
787,,,,,,,
788,,,,,,,
789,,,,,,,
790,,,,,,,
791,,,,,,,
792,,,,,,,
793,,,,,,,
794,,,,,,,
795,,,,,,,
796,,,,,,,
797,,,,,,,
798,,,,,,,
799,,,,,,,
800,,,,,,,
801,,,,,,,
802,,,,,,,
803,,,,,,,
804,,,,,,,
805,,,,,,,
806,,,,,,,
807,,,,,,,
808,,,,,,,
809,,,,,,,
810,,,,,,,
811,,,,,,,
812,,,,,,,
813,,,,,,,
814,,,,,,,
815,,,,,,,
816,,,,,,,
817,,,,,,,
818,,,,,,,
819,,,,,,,
820,,,,,,,
821,,,,,,,
822,,,,,,,
823,,,,,,,
824,,,,,,,
825,,,,,,,
826,,,,,,,
827,,,,,,,
828,,,,,,,
829,,,,,,,
830,,,,,,,
831,,,,,,,
832,,,,,,,
833,,,,,,,
834,,,,,,,
835,,,,,,,
836,,,,,,,
837,,,,,,,
838,,,,,,,
839,,,,,,,
840,,,,,,,
841,,,,,,,
842,,,,,,,
843,,,,,,,
844,,,,,,,
845,,,,,,,
846,,,,,,,
847,,,,,,,
848,,,,,,,
849,,,,,,,
850,,,,,,,
851,,,,,,,
852,,,,,,,
853,,,,,,,
854,,,,,,,
855,,,,,,,
856,,,,,,,
857,,,,,,,
858,,,,,,,
859,,,,,,,
860,,,,,,,
861,,,,,,,
862,,,,,,,
863,,,,,,,
864,,,,,,,
865,,,,,,,
866,,,,,,,
867,,,,,,,
868,,,,,,,
869,,,,,,,
870,,,,,,,
871,,,,,,,
872,,,,,,,
873,,,,,,,
874,,,,,,,
875,,,,,,,
876,,,,,,,
877,,,,,,,
878,,,,,,,
879,,,,,,,
880,,,,,,,

881,,,,,,,
